{
    "loss": 3.1346569061279297,
    "accuracy": 0.6546762585639954
}