{
    "loss": 1.3772904872894287,
    "accuracy": 0.8992805480957031
}