{
    "loss": 2.4211456775665283,
    "accuracy": 0.9280575513839722
}